"fileName","className","property"
"..\..\riskq\web-4.0\src\main\webapp\admin\cveTable.js","CveTable","this.filteredDomains()"
"..\..\riskq\web-4.0\src\main\webapp\admin\cveTable.js","CveTable","this.filteredTags()"
"..\..\riskq\web-4.0\src\main\webapp\admin\cveTable.js","CveTable","this.fetch()"
"..\..\riskq\web-4.0\src\main\webapp\admin\cveTable.js","CveTable","this.load(data,scenario)"
"..\..\riskq\web-4.0\src\main\webapp\admin\cveTable.js","CveTable","this.onClick(event)"
"..\..\riskq\web-4.0\src\main\webapp\admin\cveTable.js","CveTable","this.onData(data,method,scenario)"
"..\..\riskq\web-4.0\src\main\webapp\admin\cveTable.js","CveTable","this.onLoad(data)"
"..\..\riskq\web-4.0\src\main\webapp\admin\cveTable.js","CveTable","this.onTableData(json)"
"..\..\riskq\web-4.0\src\main\webapp\admin\dnsTable.js","DnsTable","this.filteredDomains()"
"..\..\riskq\web-4.0\src\main\webapp\admin\dnsTable.js","DnsTable","this.filteredTags()"
"..\..\riskq\web-4.0\src\main\webapp\admin\dnsTable.js","DnsTable","this.fetch()"
"..\..\riskq\web-4.0\src\main\webapp\admin\dnsTable.js","DnsTable","this.load(data,scenario)"
"..\..\riskq\web-4.0\src\main\webapp\admin\dnsTable.js","DnsTable","this.onData(data,method,scenario)"
"..\..\riskq\web-4.0\src\main\webapp\admin\dnsTable.js","DnsTable","this.onLoad(data)"
"..\..\riskq\web-4.0\src\main\webapp\admin\dnsTable.js","DnsTable","this.onTableData(json)"
"..\..\riskq\web-4.0\src\main\webapp\admin\exploitTable.js","ExploitTable","this.filteredDomains()"
"..\..\riskq\web-4.0\src\main\webapp\admin\exploitTable.js","ExploitTable","this.filteredTags()"
"..\..\riskq\web-4.0\src\main\webapp\admin\exploitTable.js","ExploitTable","this.fetch()"
"..\..\riskq\web-4.0\src\main\webapp\admin\exploitTable.js","ExploitTable","this.load(data,scenario)"
"..\..\riskq\web-4.0\src\main\webapp\admin\exploitTable.js","ExploitTable","this.onClick(event)"
"..\..\riskq\web-4.0\src\main\webapp\admin\exploitTable.js","ExploitTable","this.onData(data,method,scenario)"
"..\..\riskq\web-4.0\src\main\webapp\admin\exploitTable.js","ExploitTable","this.onLoad(data)"
"..\..\riskq\web-4.0\src\main\webapp\admin\exploitTable.js","ExploitTable","this.onTableData(json)"
"..\..\riskq\web-4.0\src\main\webapp\admin\heartbleedTable.js","HeartbleedTable","this.filteredDomains()"
"..\..\riskq\web-4.0\src\main\webapp\admin\heartbleedTable.js","HeartbleedTable","this.filteredTags()"
"..\..\riskq\web-4.0\src\main\webapp\admin\heartbleedTable.js","HeartbleedTable","this.fetch()"
"..\..\riskq\web-4.0\src\main\webapp\admin\heartbleedTable.js","HeartbleedTable","this.load(data,scenario)"
"..\..\riskq\web-4.0\src\main\webapp\admin\heartbleedTable.js","HeartbleedTable","this.onClick(event)"
"..\..\riskq\web-4.0\src\main\webapp\admin\heartbleedTable.js","HeartbleedTable","this.onData(data,method,scenario)"
"..\..\riskq\web-4.0\src\main\webapp\admin\heartbleedTable.js","HeartbleedTable","this.onLoad(data)"
"..\..\riskq\web-4.0\src\main\webapp\admin\heartbleedTable.js","HeartbleedTable","this.onTableData(json)"
"..\..\riskq\web-4.0\src\main\webapp\admin\home.js","Home","this.countDownTimer"
"..\..\riskq\web-4.0\src\main\webapp\admin\home.js","Home","this.load(data,scenario)"
"..\..\riskq\web-4.0\src\main\webapp\admin\home.js","Home","this.onData(data,method,scenario)"
"..\..\riskq\web-4.0\src\main\webapp\admin\home.js","Home","this.onLoad(data)"
"..\..\riskq\web-4.0\src\main\webapp\admin\home.js","Home","this.reload(data,scenario)"
"..\..\riskq\web-4.0\src\main\webapp\admin\ipAddress.js","IpAddress","this.load(data,scenario)"
"..\..\riskq\web-4.0\src\main\webapp\admin\ipAddress.js","IpAddress","this.onData(data,method,scenario)"
"..\..\riskq\web-4.0\src\main\webapp\admin\ipAddress.js","IpAddress","this.onLoad(data)"
"..\..\riskq\web-4.0\src\main\webapp\admin\ipAddress.js","IpAddress","this.cveTableData(data)"
"..\..\riskq\web-4.0\src\main\webapp\admin\ipAddress.js","IpAddress","this.exploitTableData(data)"
"..\..\riskq\web-4.0\src\main\webapp\admin\ipAddress.js","IpAddress","this.heartbleedTableData(data)"
"..\..\riskq\web-4.0\src\main\webapp\admin\ipAddress.js","IpAddress","this.ipBlacklistTableData(data)"
"..\..\riskq\web-4.0\src\main\webapp\admin\ipAddress.js","IpAddress","this.portTableData(data)"
"..\..\riskq\web-4.0\src\main\webapp\admin\ipAddress.js","IpAddress","this.sslTableData(data)"
"..\..\riskq\web-4.0\src\main\webapp\admin\ipAddress.js","IpAddress","this.webappTableData(data)"
"..\..\riskq\web-4.0\src\main\webapp\admin\ipAddress.js","IpAddress","this.whoisInfoTableData(data)"
"..\..\riskq\web-4.0\src\main\webapp\admin\ipBlacklistTable.js","IpBlacklistTable","this.filteredDomains()"
"..\..\riskq\web-4.0\src\main\webapp\admin\ipBlacklistTable.js","IpBlacklistTable","this.filteredTags()"
"..\..\riskq\web-4.0\src\main\webapp\admin\ipBlacklistTable.js","IpBlacklistTable","this.fetch()"
"..\..\riskq\web-4.0\src\main\webapp\admin\ipBlacklistTable.js","IpBlacklistTable","this.load(data,scenario)"
"..\..\riskq\web-4.0\src\main\webapp\admin\ipBlacklistTable.js","IpBlacklistTable","this.onClick(event)"
"..\..\riskq\web-4.0\src\main\webapp\admin\ipBlacklistTable.js","IpBlacklistTable","this.onData(data,method,scenario)"
"..\..\riskq\web-4.0\src\main\webapp\admin\ipBlacklistTable.js","IpBlacklistTable","this.onLoad(data)"
"..\..\riskq\web-4.0\src\main\webapp\admin\ipBlacklistTable.js","IpBlacklistTable","this.onTableData(json)"
"..\..\riskq\web-4.0\src\main\webapp\admin\ipTable.js","IpTable","this.filteredDomains()"
"..\..\riskq\web-4.0\src\main\webapp\admin\ipTable.js","IpTable","this.filteredTags()"
"..\..\riskq\web-4.0\src\main\webapp\admin\ipTable.js","IpTable","this.fetch()"
"..\..\riskq\web-4.0\src\main\webapp\admin\ipTable.js","IpTable","this.load(data,scenario)"
"..\..\riskq\web-4.0\src\main\webapp\admin\ipTable.js","IpTable","this.onClick(event)"
"..\..\riskq\web-4.0\src\main\webapp\admin\ipTable.js","IpTable","this.onData(data,method,scenario)"
"..\..\riskq\web-4.0\src\main\webapp\admin\ipTable.js","IpTable","this.onLoad(data)"
"..\..\riskq\web-4.0\src\main\webapp\admin\ipTable.js","IpTable","this.onTableData(json)"
"..\..\riskq\web-4.0\src\main\webapp\admin\menu.js","Menu","this.load(data,scenario)"
"..\..\riskq\web-4.0\src\main\webapp\admin\menu.js","Menu","this.onData(data,method,scenario)"
"..\..\riskq\web-4.0\src\main\webapp\admin\menu.js","Menu","this.onLoad(data)"
"..\..\riskq\web-4.0\src\main\webapp\admin\menu.js","Menu","this.onClick(event)"
"..\..\riskq\web-4.0\src\main\webapp\admin\portTable.js","PortTable","this.filteredDomains()"
"..\..\riskq\web-4.0\src\main\webapp\admin\portTable.js","PortTable","this.filteredTags()"
"..\..\riskq\web-4.0\src\main\webapp\admin\portTable.js","PortTable","this.fetch()"
"..\..\riskq\web-4.0\src\main\webapp\admin\portTable.js","PortTable","this.load(data,scenario)"
"..\..\riskq\web-4.0\src\main\webapp\admin\portTable.js","PortTable","this.onClick(event)"
"..\..\riskq\web-4.0\src\main\webapp\admin\portTable.js","PortTable","this.onData(data,method,scenario)"
"..\..\riskq\web-4.0\src\main\webapp\admin\portTable.js","PortTable","this.onLoad(data)"
"..\..\riskq\web-4.0\src\main\webapp\admin\portTable.js","PortTable","this.onTableData(json)"
"..\..\riskq\web-4.0\src\main\webapp\admin\risk-engine\cpeMasterList.js","CpeMasterList","this.countDownTimer"
"..\..\riskq\web-4.0\src\main\webapp\admin\risk-engine\cpeMasterList.js","CpeMasterList","this.form(form,response,scenario)"
"..\..\riskq\web-4.0\src\main\webapp\admin\risk-engine\cpeMasterList.js","CpeMasterList","this.fetch()"
"..\..\riskq\web-4.0\src\main\webapp\admin\risk-engine\cpeMasterList.js","CpeMasterList","this.load(data,scenario)"
"..\..\riskq\web-4.0\src\main\webapp\admin\risk-engine\cpeMasterList.js","CpeMasterList","this.onClick(event)"
"..\..\riskq\web-4.0\src\main\webapp\admin\risk-engine\cpeMasterList.js","CpeMasterList","this.onData(data,method,scenario)"
"..\..\riskq\web-4.0\src\main\webapp\admin\risk-engine\cpeMasterList.js","CpeMasterList","this.onLoad(data,scenario)"
"..\..\riskq\web-4.0\src\main\webapp\admin\risk-engine\cpeMasterList.js","CpeMasterList","this.search()"
"..\..\riskq\web-4.0\src\main\webapp\admin\risk-engine\cpeMasterList.js","CpeMasterList","this.onTableData(json)"
"..\..\riskq\web-4.0\src\main\webapp\admin\risk-engine\exceptionTest.js","ReExceptionTest","this.countDownTimer"
"..\..\riskq\web-4.0\src\main\webapp\admin\risk-engine\exceptionTest.js","ReExceptionTest","this.form(form,response,scenario)"
"..\..\riskq\web-4.0\src\main\webapp\admin\risk-engine\exceptionTest.js","ReExceptionTest","this.load(data,scenario)"
"..\..\riskq\web-4.0\src\main\webapp\admin\risk-engine\exceptionTest.js","ReExceptionTest","this.onClick(event)"
"..\..\riskq\web-4.0\src\main\webapp\admin\risk-engine\exceptionTest.js","ReExceptionTest","this.onData(data,method,scenario)"
"..\..\riskq\web-4.0\src\main\webapp\admin\risk-engine\exceptionTest.js","ReExceptionTest","this.onLoad(data)"
"..\..\riskq\web-4.0\src\main\webapp\admin\risk-engine\exposedEmail.js","ExposedEmail","this.countDownTimer"
"..\..\riskq\web-4.0\src\main\webapp\admin\risk-engine\exposedEmail.js","ExposedEmail","this.actionForArrowBtns()"
"..\..\riskq\web-4.0\src\main\webapp\admin\risk-engine\exposedEmail.js","ExposedEmail","this.form(form,response,scenario)"
"..\..\riskq\web-4.0\src\main\webapp\admin\risk-engine\exposedEmail.js","ExposedEmail","this.load(data,scenario)"
"..\..\riskq\web-4.0\src\main\webapp\admin\risk-engine\exposedEmail.js","ExposedEmail","this.onClick(event,extra)"
"..\..\riskq\web-4.0\src\main\webapp\admin\risk-engine\exposedEmail.js","ExposedEmail","this.moveOptionsToList(scenario,event)"
"..\..\riskq\web-4.0\src\main\webapp\admin\risk-engine\exposedEmail.js","ExposedEmail","this.onData(data,method,scenario)"
"..\..\riskq\web-4.0\src\main\webapp\admin\risk-engine\exposedEmail.js","ExposedEmail","this.onLoad(data,scenario)"
"..\..\riskq\web-4.0\src\main\webapp\admin\risk-engine\fixedCpe.js","FixedCpe","this.fetch()"
"..\..\riskq\web-4.0\src\main\webapp\admin\risk-engine\fixedCpe.js","FixedCpe","this.load(data,scenario)"
"..\..\riskq\web-4.0\src\main\webapp\admin\risk-engine\fixedCpe.js","FixedCpe","this.onData(data,method,scenario)"
"..\..\riskq\web-4.0\src\main\webapp\admin\risk-engine\fixedCpe.js","FixedCpe","this.onClick(event)"
"..\..\riskq\web-4.0\src\main\webapp\admin\risk-engine\fixedCpe.js","FixedCpe","this.onDeleteClick(selector,scenario,data)"
"..\..\riskq\web-4.0\src\main\webapp\admin\risk-engine\fixedCpe.js","FixedCpe","this.onLoad(data,scenario)"
"..\..\riskq\web-4.0\src\main\webapp\admin\risk-engine\fixedCpe.js","FixedCpe","this.onTableData(json)"
"..\..\riskq\web-4.0\src\main\webapp\admin\risk-engine\ipList.js","IpList","this.countDownTimer"
"..\..\riskq\web-4.0\src\main\webapp\admin\risk-engine\ipList.js","IpList","this.form(form,response,scenario)"
"..\..\riskq\web-4.0\src\main\webapp\admin\risk-engine\ipList.js","IpList","this.formPost(data,method,scenario)"
"..\..\riskq\web-4.0\src\main\webapp\admin\risk-engine\ipList.js","IpList","this.fetch()"
"..\..\riskq\web-4.0\src\main\webapp\admin\risk-engine\ipList.js","IpList","this.load(data,scenario)"
"..\..\riskq\web-4.0\src\main\webapp\admin\risk-engine\ipList.js","IpList","this.onClick(event)"
"..\..\riskq\web-4.0\src\main\webapp\admin\risk-engine\ipList.js","IpList","this.onData(data,method,scenario)"
"..\..\riskq\web-4.0\src\main\webapp\admin\risk-engine\ipList.js","IpList","this.onTableData(json)"
"..\..\riskq\web-4.0\src\main\webapp\admin\risk-engine\ipList.js","IpList","this.onLoad(data,scenario)"
"..\..\riskq\web-4.0\src\main\webapp\admin\risk-engine\reports.js","Reports","this.countDownTimer"
"..\..\riskq\web-4.0\src\main\webapp\admin\risk-engine\reports.js","Reports","this.fetchTable()"
"..\..\riskq\web-4.0\src\main\webapp\admin\risk-engine\reports.js","Reports","this.filteredValues(selector)"
"..\..\riskq\web-4.0\src\main\webapp\admin\risk-engine\reports.js","Reports","this.formPost(data,method,scenario)"
"..\..\riskq\web-4.0\src\main\webapp\admin\risk-engine\reports.js","Reports","this.generateForm(form,response,scenario)"
"..\..\riskq\web-4.0\src\main\webapp\admin\risk-engine\reports.js","Reports","this.generatePlusForm(form,response,scenario)"
"..\..\riskq\web-4.0\src\main\webapp\admin\risk-engine\reports.js","Reports","this.load(data,scenario)"
"..\..\riskq\web-4.0\src\main\webapp\admin\risk-engine\reports.js","Reports","this.loadTable(data,scenario)"
"..\..\riskq\web-4.0\src\main\webapp\admin\risk-engine\reports.js","Reports","this.onClick(event)"
"..\..\riskq\web-4.0\src\main\webapp\admin\risk-engine\reports.js","Reports","this.onData(data,method,scenario)"
"..\..\riskq\web-4.0\src\main\webapp\admin\risk-engine\reports.js","Reports","this.onDeleteClick(selector,scenario,data)"
"..\..\riskq\web-4.0\src\main\webapp\admin\risk-engine\reports.js","Reports","this.onDownloadIconClick(event,data,scenario)"
"..\..\riskq\web-4.0\src\main\webapp\admin\risk-engine\reports.js","Reports","this.onLoad(data,scenario)"
"..\..\riskq\web-4.0\src\main\webapp\admin\risk-engine\reports.js","Reports","this.onLoadTable(data)"
"..\..\riskq\web-4.0\src\main\webapp\admin\risk-engine\reports.js","Reports","this.onTableData(json)"
"..\..\riskq\web-4.0\src\main\webapp\admin\risk-engine\reports.js","Reports","this.uploadForm(form,response,scenario)"
"..\..\riskq\web-4.0\src\main\webapp\admin\risk-engine\riskEngine.js","RiskEngine","this.load(data,scenario)"
"..\..\riskq\web-4.0\src\main\webapp\admin\risk-engine\riskEngine.js","RiskEngine","this.onClick(event)"
"..\..\riskq\web-4.0\src\main\webapp\admin\risk-engine\riskEngine.js","RiskEngine","this.onData(data,method,scenario)"
"..\..\riskq\web-4.0\src\main\webapp\admin\risk-engine\riskEngine.js","RiskEngine","this.onLoad(data,scenario)"
"..\..\riskq\web-4.0\src\main\webapp\admin\risk-engine\riskEngineTest.js","RiskEngineTest","this.countDownTimer"
"..\..\riskq\web-4.0\src\main\webapp\admin\risk-engine\riskEngineTest.js","RiskEngineTest","this.form(form,response,scenario)"
"..\..\riskq\web-4.0\src\main\webapp\admin\risk-engine\riskEngineTest.js","RiskEngineTest","this.load(data,scenario)"
"..\..\riskq\web-4.0\src\main\webapp\admin\risk-engine\riskEngineTest.js","RiskEngineTest","this.onClick(event)"
"..\..\riskq\web-4.0\src\main\webapp\admin\risk-engine\riskEngineTest.js","RiskEngineTest","this.onData(data,method,scenario)"
"..\..\riskq\web-4.0\src\main\webapp\admin\risk-engine\riskEngineTest.js","RiskEngineTest","this.onLoad(data)"
"..\..\riskq\web-4.0\src\main\webapp\admin\risk-engine\scanJob.js","ScanJob","this.countDownTimer"
"..\..\riskq\web-4.0\src\main\webapp\admin\risk-engine\scanJob.js","ScanJob","this.form(form,response,scenario)"
"..\..\riskq\web-4.0\src\main\webapp\admin\risk-engine\scanJob.js","ScanJob","this.load(data,scenario)"
"..\..\riskq\web-4.0\src\main\webapp\admin\risk-engine\scanJob.js","ScanJob","this.onClick(event)"
"..\..\riskq\web-4.0\src\main\webapp\admin\risk-engine\scanJob.js","ScanJob","this.onData(data,method,scenario)"
"..\..\riskq\web-4.0\src\main\webapp\admin\risk-engine\scanJob.js","ScanJob","this.onLoad(data,scenario)"
"..\..\riskq\web-4.0\src\main\webapp\admin\risk-engine\scanLoad.js","ScanLoad","this.countDownTimer"
"..\..\riskq\web-4.0\src\main\webapp\admin\risk-engine\scanLoad.js","ScanLoad","this.form(form,response,scenario)"
"..\..\riskq\web-4.0\src\main\webapp\admin\risk-engine\scanLoad.js","ScanLoad","this.load(data,scenario)"
"..\..\riskq\web-4.0\src\main\webapp\admin\risk-engine\scanLoad.js","ScanLoad","this.onClick(event)"
"..\..\riskq\web-4.0\src\main\webapp\admin\risk-engine\scanLoad.js","ScanLoad","this.onData(data,method,scenario)"
"..\..\riskq\web-4.0\src\main\webapp\admin\risk-engine\scanLoad.js","ScanLoad","this.onLoad(data,scenario)"
"..\..\riskq\web-4.0\src\main\webapp\admin\risk-engine\scanStatus.js","ScanStatus","var contentToCopy"
"..\..\riskq\web-4.0\src\main\webapp\admin\risk-engine\scanStatus.js","ScanStatus","this.fetch()"
"..\..\riskq\web-4.0\src\main\webapp\admin\risk-engine\scanStatus.js","ScanStatus","this.filteredDomains()"
"..\..\riskq\web-4.0\src\main\webapp\admin\risk-engine\scanStatus.js","ScanStatus","this.filteredTags()"
"..\..\riskq\web-4.0\src\main\webapp\admin\risk-engine\scanStatus.js","ScanStatus","this.filteredScanTypes()"
"..\..\riskq\web-4.0\src\main\webapp\admin\risk-engine\scanStatus.js","ScanStatus","this.filteredJobNames()"
"..\..\riskq\web-4.0\src\main\webapp\admin\risk-engine\scanStatus.js","ScanStatus","this.load(data,scenario)"
"..\..\riskq\web-4.0\src\main\webapp\admin\risk-engine\scanStatus.js","ScanStatus","this.onClick(event)"
"..\..\riskq\web-4.0\src\main\webapp\admin\risk-engine\scanStatus.js","ScanStatus","this.onData(data,method,scenario)"
"..\..\riskq\web-4.0\src\main\webapp\admin\risk-engine\scanStatus.js","ScanStatus","this.onDownloadIconClick(event,data,scenario)"
"..\..\riskq\web-4.0\src\main\webapp\admin\risk-engine\scanStatus.js","ScanStatus","this.onLoad(data)"
"..\..\riskq\web-4.0\src\main\webapp\admin\risk-engine\scanStatus.js","ScanStatus","this.onTableData(json)"
"..\..\riskq\web-4.0\src\main\webapp\admin\risk-engine\scanStatus.js","ScanStatus","this.onTableRow(cellData)"
"..\..\riskq\web-4.0\src\main\webapp\admin\risk-engine\unMatchedCpe.js","UnMatchedCpe","this.countDownTimer"
"..\..\riskq\web-4.0\src\main\webapp\admin\risk-engine\unMatchedCpe.js","UnMatchedCpe","this.form(form,response,scenario)"
"..\..\riskq\web-4.0\src\main\webapp\admin\risk-engine\unMatchedCpe.js","UnMatchedCpe","this.load(data,scenario)"
"..\..\riskq\web-4.0\src\main\webapp\admin\risk-engine\unMatchedCpe.js","UnMatchedCpe","this.onClick(event)"
"..\..\riskq\web-4.0\src\main\webapp\admin\risk-engine\unMatchedCpe.js","UnMatchedCpe","this.onData(data,method,scenario)"
"..\..\riskq\web-4.0\src\main\webapp\admin\risk-engine\unMatchedCpe.js","UnMatchedCpe","this.onLoad(data,scenario)"
"..\..\riskq\web-4.0\src\main\webapp\admin\risk-engine\unMatchedCpe.js","UnMatchedCpe","this.onCpeListClick(data,scenario)"
"..\..\riskq\web-4.0\src\main\webapp\admin\riskQ.js","RiskQ","var env"
"..\..\riskq\web-4.0\src\main\webapp\admin\riskQ.js","RiskQ","this.formPost(data,method,scenario)"
"..\..\riskq\web-4.0\src\main\webapp\admin\riskQ.js","RiskQ","this.trimData(data)"
"..\..\riskq\web-4.0\src\main\webapp\admin\riskQ.js","RiskQ","this.jsonPost(data,method,scenario)"
"..\..\riskq\web-4.0\src\main\webapp\admin\riskQ.js","RiskQ","this.copyToClipboard(text)"
"..\..\riskq\web-4.0\src\main\webapp\admin\riskQ.js","RiskQ","this.cursor(scenario)"
"..\..\riskq\web-4.0\src\main\webapp\admin\riskQ.js","RiskQ","this.error(xhr,txt,err,scenario)"
"..\..\riskq\web-4.0\src\main\webapp\admin\riskQ.js","RiskQ","this.getSummaryText(selectedOptionsArray,allOptionsCount,messageSource,isMultiple)"
"..\..\riskq\web-4.0\src\main\webapp\admin\riskQ.js","RiskQ","this.load(data,scenario)"
"..\..\riskq\web-4.0\src\main\webapp\admin\riskQ.js","RiskQ","this.onData(data,method,scenario)"
"..\..\riskq\web-4.0\src\main\webapp\admin\riskQ.js","RiskQ","this.onError(msg,url,line,col,error)"
"..\..\riskq\web-4.0\src\main\webapp\admin\riskQ.js","RiskQ","this.signOut(data,scenario)"
"..\..\riskq\web-4.0\src\main\webapp\admin\riskQ.js","RiskQ","this.selectMeSettings(filterName,columnCount)"
"..\..\riskq\web-4.0\src\main\webapp\admin\riskQ.js","RiskQ","this.tableOptions(mode)"
"..\..\riskq\web-4.0\src\main\webapp\admin\riskQ.js","RiskQ","this.startAnimation()"
"..\..\riskq\web-4.0\src\main\webapp\admin\riskQ.js","RiskQ","this.stepAnimation()"
"..\..\riskq\web-4.0\src\main\webapp\admin\riskQ.js","RiskQ","this.stopAnimation()"
"..\..\riskq\web-4.0\src\main\webapp\admin\riskQ.js","RiskQ","this.getBreadCrumbs()"
"..\..\riskq\web-4.0\src\main\webapp\admin\riskQ.js","RiskQ","this.newBreadCrumb(element)"
"..\..\riskq\web-4.0\src\main\webapp\admin\riskQ.js","RiskQ","this.setBreadCrumbs(breadCrumbsArray)"
"..\..\riskq\web-4.0\src\main\webapp\admin\riskQ.js","RiskQ","this.onClick(event)"
"..\..\riskq\web-4.0\src\main\webapp\admin\sslTable.js","SslTable","this.fetch()"
"..\..\riskq\web-4.0\src\main\webapp\admin\sslTable.js","SslTable","this.filteredDomains()"
"..\..\riskq\web-4.0\src\main\webapp\admin\sslTable.js","SslTable","this.filteredTags()"
"..\..\riskq\web-4.0\src\main\webapp\admin\sslTable.js","SslTable","this.load(data,scenario)"
"..\..\riskq\web-4.0\src\main\webapp\admin\sslTable.js","SslTable","this.onClick(event)"
"..\..\riskq\web-4.0\src\main\webapp\admin\sslTable.js","SslTable","this.onData(data,method,scenario)"
"..\..\riskq\web-4.0\src\main\webapp\admin\sslTable.js","SslTable","this.onLoad(data)"
"..\..\riskq\web-4.0\src\main\webapp\admin\sslTable.js","SslTable","this.onTableData(json)"
"..\..\riskq\web-4.0\src\main\webapp\admin\sslTable.js","SslTable","this.onTableRow(cellData)"
"..\..\riskq\web-4.0\src\main\webapp\admin\tools\exceptionTest.js","ExceptionTest","this.countDownTimer"
"..\..\riskq\web-4.0\src\main\webapp\admin\tools\exceptionTest.js","ExceptionTest","this.form(form,response,scenario)"
"..\..\riskq\web-4.0\src\main\webapp\admin\tools\exceptionTest.js","ExceptionTest","this.load(data,scenario)"
"..\..\riskq\web-4.0\src\main\webapp\admin\tools\exceptionTest.js","ExceptionTest","this.onClick(event)"
"..\..\riskq\web-4.0\src\main\webapp\admin\tools\exceptionTest.js","ExceptionTest","this.onData(data,method,scenario)"
"..\..\riskq\web-4.0\src\main\webapp\admin\tools\exceptionTest.js","ExceptionTest","this.onLoad(data)"
"..\..\riskq\web-4.0\src\main\webapp\admin\tools\scanResult.js","ScanResult","this.countDownTimer"
"..\..\riskq\web-4.0\src\main\webapp\admin\tools\scanResult.js","ScanResult","this.data"
"..\..\riskq\web-4.0\src\main\webapp\admin\tools\scanResult.js","ScanResult","this.chart"
"..\..\riskq\web-4.0\src\main\webapp\admin\tools\scanResult.js","ScanResult","this.chartData"
"..\..\riskq\web-4.0\src\main\webapp\admin\tools\scanResult.js","ScanResult","this.chartOptions"
"..\..\riskq\web-4.0\src\main\webapp\admin\tools\scanResult.js","ScanResult","this.appendTableColumns(tableHeader,id)"
"..\..\riskq\web-4.0\src\main\webapp\admin\tools\scanResult.js","ScanResult","this.cubitScoreSummary(data)"
"..\..\riskq\web-4.0\src\main\webapp\admin\tools\scanResult.js","ScanResult","this.dnsSummary(data)"
"..\..\riskq\web-4.0\src\main\webapp\admin\tools\scanResult.js","ScanResult","this.doughnutChartData(doughnutData)"
"..\..\riskq\web-4.0\src\main\webapp\admin\tools\scanResult.js","ScanResult","this.doughnutChartOptions()"
"..\..\riskq\web-4.0\src\main\webapp\admin\tools\scanResult.js","ScanResult","this.fetchCubitScoreAppendixH()"
"..\..\riskq\web-4.0\src\main\webapp\admin\tools\scanResult.js","ScanResult","this.fetchCubitScoreAppendixI()"
"..\..\riskq\web-4.0\src\main\webapp\admin\tools\scanResult.js","ScanResult","this.fetchCubitScoreAppendixJ()"
"..\..\riskq\web-4.0\src\main\webapp\admin\tools\scanResult.js","ScanResult","this.fetchCubitScoreAppendixK()"
"..\..\riskq\web-4.0\src\main\webapp\admin\tools\scanResult.js","ScanResult","this.fetchIpReputationAppendixG()"
"..\..\riskq\web-4.0\src\main\webapp\admin\tools\scanResult.js","ScanResult","this.fetchNetworkSecurityAppendixB1()"
"..\..\riskq\web-4.0\src\main\webapp\admin\tools\scanResult.js","ScanResult","this.fetchNetworkSecurityAppendixB2()"
"..\..\riskq\web-4.0\src\main\webapp\admin\tools\scanResult.js","ScanResult","this.fetchNetworkSecurityAppendixC()"
"..\..\riskq\web-4.0\src\main\webapp\admin\tools\scanResult.js","ScanResult","this.fetchNetworkSecurityAppendixD()"
"..\..\riskq\web-4.0\src\main\webapp\admin\tools\scanResult.js","ScanResult","this.fetchNetworkSecurityAppendixE()"
"..\..\riskq\web-4.0\src\main\webapp\admin\tools\scanResult.js","ScanResult","this.fetchNetworkSecurityAppendixF()"
"..\..\riskq\web-4.0\src\main\webapp\admin\tools\scanResult.js","ScanResult","this.fetchWebAppAppendixL()"
"..\..\riskq\web-4.0\src\main\webapp\admin\tools\scanResult.js","ScanResult","this.fetchWebAppAppendixM()"
"..\..\riskq\web-4.0\src\main\webapp\admin\tools\scanResult.js","ScanResult","this.fetchWebAppAppendixN()"
"..\..\riskq\web-4.0\src\main\webapp\admin\tools\scanResult.js","ScanResult","this.fetchWebAppAppendixO()"
"..\..\riskq\web-4.0\src\main\webapp\admin\tools\scanResult.js","ScanResult","this.filteredValues(selector)"
"..\..\riskq\web-4.0\src\main\webapp\admin\tools\scanResult.js","ScanResult","this.form(form,response,scenario)"
"..\..\riskq\web-4.0\src\main\webapp\admin\tools\scanResult.js","ScanResult","this.halfDoughnutChartData(domainData)"
"..\..\riskq\web-4.0\src\main\webapp\admin\tools\scanResult.js","ScanResult","this.halfDoughnutChartOptions(options)"
"..\..\riskq\web-4.0\src\main\webapp\admin\tools\scanResult.js","ScanResult","this.ipReputationSummary(data)"
"..\..\riskq\web-4.0\src\main\webapp\admin\tools\scanResult.js","ScanResult","this.load(data,scenario)"
"..\..\riskq\web-4.0\src\main\webapp\admin\tools\scanResult.js","ScanResult","this.loadCubitScoreAppendixH(data,scenario)"
"..\..\riskq\web-4.0\src\main\webapp\admin\tools\scanResult.js","ScanResult","this.loadCubitScoreAppendixI(data,scenario)"
"..\..\riskq\web-4.0\src\main\webapp\admin\tools\scanResult.js","ScanResult","this.loadCubitScoreAppendixJ(data,scenario)"
"..\..\riskq\web-4.0\src\main\webapp\admin\tools\scanResult.js","ScanResult","this.loadCubitScoreAppendixK(data,scenario)"
"..\..\riskq\web-4.0\src\main\webapp\admin\tools\scanResult.js","ScanResult","this.loadIpReputationAppendixG(data,scenario)"
"..\..\riskq\web-4.0\src\main\webapp\admin\tools\scanResult.js","ScanResult","this.loadNetworkSecurityAppendixB1(data,scenario)"
"..\..\riskq\web-4.0\src\main\webapp\admin\tools\scanResult.js","ScanResult","this.loadNetworkSecurityAppendixB2(data,scenario)"
"..\..\riskq\web-4.0\src\main\webapp\admin\tools\scanResult.js","ScanResult","this.loadNetworkSecurityAppendixC(data,scenario)"
"..\..\riskq\web-4.0\src\main\webapp\admin\tools\scanResult.js","ScanResult","this.loadNetworkSecurityAppendixD(data,scenario)"
"..\..\riskq\web-4.0\src\main\webapp\admin\tools\scanResult.js","ScanResult","this.loadNetworkSecurityAppendixE(data,scenario)"
"..\..\riskq\web-4.0\src\main\webapp\admin\tools\scanResult.js","ScanResult","this.loadNetworkSecurityAppendixF(data,scenario)"
"..\..\riskq\web-4.0\src\main\webapp\admin\tools\scanResult.js","ScanResult","this.loadWebAppAppendixL(data,scenario)"
"..\..\riskq\web-4.0\src\main\webapp\admin\tools\scanResult.js","ScanResult","this.loadWebAppAppendixM(data,scenario)"
"..\..\riskq\web-4.0\src\main\webapp\admin\tools\scanResult.js","ScanResult","this.loadWebAppAppendixN(data,scenario)"
"..\..\riskq\web-4.0\src\main\webapp\admin\tools\scanResult.js","ScanResult","this.loadWebAppAppendixO(data,scenario)"
"..\..\riskq\web-4.0\src\main\webapp\admin\tools\scanResult.js","ScanResult","this.networkSecuritySummary(data)"
"..\..\riskq\web-4.0\src\main\webapp\admin\tools\scanResult.js","ScanResult","this.onAppendixB1TableData(json)"
"..\..\riskq\web-4.0\src\main\webapp\admin\tools\scanResult.js","ScanResult","this.onAppendixB2TableData(json)"
"..\..\riskq\web-4.0\src\main\webapp\admin\tools\scanResult.js","ScanResult","this.onAppendixCTableData(json)"
"..\..\riskq\web-4.0\src\main\webapp\admin\tools\scanResult.js","ScanResult","this.onAppendixDTableData(json)"
"..\..\riskq\web-4.0\src\main\webapp\admin\tools\scanResult.js","ScanResult","this.onAppendixETableData(json)"
"..\..\riskq\web-4.0\src\main\webapp\admin\tools\scanResult.js","ScanResult","this.onAppendixFTableData(json)"
"..\..\riskq\web-4.0\src\main\webapp\admin\tools\scanResult.js","ScanResult","this.onAppendixGTableData(json)"
"..\..\riskq\web-4.0\src\main\webapp\admin\tools\scanResult.js","ScanResult","this.onAppendixHTableData(json)"
"..\..\riskq\web-4.0\src\main\webapp\admin\tools\scanResult.js","ScanResult","this.onAppendixITableData(json)"
"..\..\riskq\web-4.0\src\main\webapp\admin\tools\scanResult.js","ScanResult","this.onAppendixJTableData(json)"
"..\..\riskq\web-4.0\src\main\webapp\admin\tools\scanResult.js","ScanResult","this.onAppendixKTableData(json)"
"..\..\riskq\web-4.0\src\main\webapp\admin\tools\scanResult.js","ScanResult","this.onAppendixLTableData(json)"
"..\..\riskq\web-4.0\src\main\webapp\admin\tools\scanResult.js","ScanResult","this.onAppendixMTableData(json)"
"..\..\riskq\web-4.0\src\main\webapp\admin\tools\scanResult.js","ScanResult","this.onAppendixNTableData(json)"
"..\..\riskq\web-4.0\src\main\webapp\admin\tools\scanResult.js","ScanResult","this.onAppendixOTableData(json)"
"..\..\riskq\web-4.0\src\main\webapp\admin\tools\scanResult.js","ScanResult","this.onClick(event)"
"..\..\riskq\web-4.0\src\main\webapp\admin\tools\scanResult.js","ScanResult","this.onCubitScoreDetailClick()"
"..\..\riskq\web-4.0\src\main\webapp\admin\tools\scanResult.js","ScanResult","this.onCubitScoreTabClick()"
"..\..\riskq\web-4.0\src\main\webapp\admin\tools\scanResult.js","ScanResult","this.onData(data,method,scenario)"
"..\..\riskq\web-4.0\src\main\webapp\admin\tools\scanResult.js","ScanResult","this.onIpReputationDetailClick()"
"..\..\riskq\web-4.0\src\main\webapp\admin\tools\scanResult.js","ScanResult","this.onIpReputationTabClick()"
"..\..\riskq\web-4.0\src\main\webapp\admin\tools\scanResult.js","ScanResult","this.onLoad(data)"
"..\..\riskq\web-4.0\src\main\webapp\admin\tools\scanResult.js","ScanResult","this.onLoadCubitScoreAppendixH(data)"
"..\..\riskq\web-4.0\src\main\webapp\admin\tools\scanResult.js","ScanResult","this.onLoadCubitScoreAppendixI(data)"
"..\..\riskq\web-4.0\src\main\webapp\admin\tools\scanResult.js","ScanResult","this.onLoadCubitScoreAppendixJ(data)"
"..\..\riskq\web-4.0\src\main\webapp\admin\tools\scanResult.js","ScanResult","this.onLoadCubitScoreAppendixK(data)"
"..\..\riskq\web-4.0\src\main\webapp\admin\tools\scanResult.js","ScanResult","this.onLoadIpReputationAppendixG(data)"
"..\..\riskq\web-4.0\src\main\webapp\admin\tools\scanResult.js","ScanResult","this.onLoadNetworkSecurityAppendixB1(data)"
"..\..\riskq\web-4.0\src\main\webapp\admin\tools\scanResult.js","ScanResult","this.onLoadNetworkSecurityAppendixB2(data)"
"..\..\riskq\web-4.0\src\main\webapp\admin\tools\scanResult.js","ScanResult","this.onLoadNetworkSecurityAppendixC(data)"
"..\..\riskq\web-4.0\src\main\webapp\admin\tools\scanResult.js","ScanResult","this.onLoadNetworkSecurityAppendixD(data)"
"..\..\riskq\web-4.0\src\main\webapp\admin\tools\scanResult.js","ScanResult","this.onLoadNetworkSecurityAppendixE(data)"
"..\..\riskq\web-4.0\src\main\webapp\admin\tools\scanResult.js","ScanResult","this.onLoadNetworkSecurityAppendixF(data)"
"..\..\riskq\web-4.0\src\main\webapp\admin\tools\scanResult.js","ScanResult","this.onLoadWebAppAppendixL(data)"
"..\..\riskq\web-4.0\src\main\webapp\admin\tools\scanResult.js","ScanResult","this.onLoadWebAppAppendixM(data)"
"..\..\riskq\web-4.0\src\main\webapp\admin\tools\scanResult.js","ScanResult","this.onLoadWebAppAppendixN(data)"
"..\..\riskq\web-4.0\src\main\webapp\admin\tools\scanResult.js","ScanResult","this.onLoadWebAppAppendixO(data)"
"..\..\riskq\web-4.0\src\main\webapp\admin\tools\scanResult.js","ScanResult","this.onNetworkSecurityDetailClick()"
"..\..\riskq\web-4.0\src\main\webapp\admin\tools\scanResult.js","ScanResult","this.onNetworkSecurityTabClick()"
"..\..\riskq\web-4.0\src\main\webapp\admin\tools\scanResult.js","ScanResult","this.onWebAppDetailClick()"
"..\..\riskq\web-4.0\src\main\webapp\admin\tools\scanResult.js","ScanResult","this.onWebAppTabClick()"
"..\..\riskq\web-4.0\src\main\webapp\admin\tools\scanResult.js","ScanResult","this.radarChartData(radarData)"
"..\..\riskq\web-4.0\src\main\webapp\admin\tools\scanResult.js","ScanResult","this.radarChartOptions(radarData)"
"..\..\riskq\web-4.0\src\main\webapp\admin\tools\scanResult.js","ScanResult","this.riskQuotientSummary(data)"
"..\..\riskq\web-4.0\src\main\webapp\admin\tools\scanResult.js","ScanResult","this.scatterChartData(scatterData)"
"..\..\riskq\web-4.0\src\main\webapp\admin\tools\scanResult.js","ScanResult","this.scatterChartOptions(axesLables)"
"..\..\riskq\web-4.0\src\main\webapp\admin\tools\scanResult.js","ScanResult","this.setCveLink(cve)"
"..\..\riskq\web-4.0\src\main\webapp\admin\tools\scanResult.js","ScanResult","this.setIpAddressLink(ip)"
"..\..\riskq\web-4.0\src\main\webapp\admin\tools\scanResult.js","ScanResult","this.setPortLink(port)"
"..\..\riskq\web-4.0\src\main\webapp\admin\tools\scanResult.js","ScanResult","this.tableData(data,id)"
"..\..\riskq\web-4.0\src\main\webapp\admin\tools\scanResult.js","ScanResult","this.tableOptions(tableData,id)"
"..\..\riskq\web-4.0\src\main\webapp\admin\tools\scanResult.js","ScanResult","this.webApplicationsSummary(data)"
"..\..\riskq\web-4.0\src\main\webapp\admin\tools\scanResultPlus.js","ScanResultPlus","this.countDownTimer"
"..\..\riskq\web-4.0\src\main\webapp\admin\tools\scanResultPlus.js","ScanResultPlus","this.data"
"..\..\riskq\web-4.0\src\main\webapp\admin\tools\scanResultPlus.js","ScanResultPlus","this.chart"
"..\..\riskq\web-4.0\src\main\webapp\admin\tools\scanResultPlus.js","ScanResultPlus","this.chartData"
"..\..\riskq\web-4.0\src\main\webapp\admin\tools\scanResultPlus.js","ScanResultPlus","this.chartOptions"
"..\..\riskq\web-4.0\src\main\webapp\admin\tools\scanResultPlus.js","ScanResultPlus","this.appendTableColumns(tableHeader,id)"
"..\..\riskq\web-4.0\src\main\webapp\admin\tools\scanResultPlus.js","ScanResultPlus","this.cubitScoreSummary(data)"
"..\..\riskq\web-4.0\src\main\webapp\admin\tools\scanResultPlus.js","ScanResultPlus","this.dnsSummary(data)"
"..\..\riskq\web-4.0\src\main\webapp\admin\tools\scanResultPlus.js","ScanResultPlus","this.doughnutChartData(doughnutData)"
"..\..\riskq\web-4.0\src\main\webapp\admin\tools\scanResultPlus.js","ScanResultPlus","this.doughnutChartOptions()"
"..\..\riskq\web-4.0\src\main\webapp\admin\tools\scanResultPlus.js","ScanResultPlus","this.fetchCubitScoreAppendixH()"
"..\..\riskq\web-4.0\src\main\webapp\admin\tools\scanResultPlus.js","ScanResultPlus","this.fetchCubitScoreAppendixI()"
"..\..\riskq\web-4.0\src\main\webapp\admin\tools\scanResultPlus.js","ScanResultPlus","this.fetchCubitScoreAppendixJ()"
"..\..\riskq\web-4.0\src\main\webapp\admin\tools\scanResultPlus.js","ScanResultPlus","this.fetchCubitScoreAppendixK()"
"..\..\riskq\web-4.0\src\main\webapp\admin\tools\scanResultPlus.js","ScanResultPlus","this.fetchIpReputationAppendixG()"
"..\..\riskq\web-4.0\src\main\webapp\admin\tools\scanResultPlus.js","ScanResultPlus","this.fetchNetworkSecurityAppendixB1()"
"..\..\riskq\web-4.0\src\main\webapp\admin\tools\scanResultPlus.js","ScanResultPlus","this.fetchNetworkSecurityAppendixB2()"
"..\..\riskq\web-4.0\src\main\webapp\admin\tools\scanResultPlus.js","ScanResultPlus","this.fetchNetworkSecurityAppendixC()"
"..\..\riskq\web-4.0\src\main\webapp\admin\tools\scanResultPlus.js","ScanResultPlus","this.fetchNetworkSecurityAppendixD()"
"..\..\riskq\web-4.0\src\main\webapp\admin\tools\scanResultPlus.js","ScanResultPlus","this.fetchNetworkSecurityAppendixE()"
"..\..\riskq\web-4.0\src\main\webapp\admin\tools\scanResultPlus.js","ScanResultPlus","this.fetchNetworkSecurityAppendixF()"
"..\..\riskq\web-4.0\src\main\webapp\admin\tools\scanResultPlus.js","ScanResultPlus","this.fetchWebAppAppendixL()"
"..\..\riskq\web-4.0\src\main\webapp\admin\tools\scanResultPlus.js","ScanResultPlus","this.fetchWebAppAppendixM()"
"..\..\riskq\web-4.0\src\main\webapp\admin\tools\scanResultPlus.js","ScanResultPlus","this.fetchWebAppAppendixN()"
"..\..\riskq\web-4.0\src\main\webapp\admin\tools\scanResultPlus.js","ScanResultPlus","this.fetchWebAppAppendixO()"
"..\..\riskq\web-4.0\src\main\webapp\admin\tools\scanResultPlus.js","ScanResultPlus","this.filteredValues(selector)"
"..\..\riskq\web-4.0\src\main\webapp\admin\tools\scanResultPlus.js","ScanResultPlus","this.form(form,response,scenario)"
"..\..\riskq\web-4.0\src\main\webapp\admin\tools\scanResultPlus.js","ScanResultPlus","this.halfDoughnutChartData(domainData)"
"..\..\riskq\web-4.0\src\main\webapp\admin\tools\scanResultPlus.js","ScanResultPlus","this.halfDoughnutChartOptions(options)"
"..\..\riskq\web-4.0\src\main\webapp\admin\tools\scanResultPlus.js","ScanResultPlus","this.ipReputationSummary(data)"
"..\..\riskq\web-4.0\src\main\webapp\admin\tools\scanResultPlus.js","ScanResultPlus","this.load(data,scenario)"
"..\..\riskq\web-4.0\src\main\webapp\admin\tools\scanResultPlus.js","ScanResultPlus","this.loadCubitScoreAppendixH(data,scenario)"
"..\..\riskq\web-4.0\src\main\webapp\admin\tools\scanResultPlus.js","ScanResultPlus","this.loadCubitScoreAppendixI(data,scenario)"
"..\..\riskq\web-4.0\src\main\webapp\admin\tools\scanResultPlus.js","ScanResultPlus","this.loadCubitScoreAppendixJ(data,scenario)"
"..\..\riskq\web-4.0\src\main\webapp\admin\tools\scanResultPlus.js","ScanResultPlus","this.loadCubitScoreAppendixK(data,scenario)"
"..\..\riskq\web-4.0\src\main\webapp\admin\tools\scanResultPlus.js","ScanResultPlus","this.loadIpReputationAppendixG(data,scenario)"
"..\..\riskq\web-4.0\src\main\webapp\admin\tools\scanResultPlus.js","ScanResultPlus","this.loadNetworkSecurityAppendixB1(data,scenario)"
"..\..\riskq\web-4.0\src\main\webapp\admin\tools\scanResultPlus.js","ScanResultPlus","this.loadNetworkSecurityAppendixB2(data,scenario)"
"..\..\riskq\web-4.0\src\main\webapp\admin\tools\scanResultPlus.js","ScanResultPlus","this.loadNetworkSecurityAppendixC(data,scenario)"
"..\..\riskq\web-4.0\src\main\webapp\admin\tools\scanResultPlus.js","ScanResultPlus","this.loadNetworkSecurityAppendixD(data,scenario)"
"..\..\riskq\web-4.0\src\main\webapp\admin\tools\scanResultPlus.js","ScanResultPlus","this.loadNetworkSecurityAppendixE(data,scenario)"
"..\..\riskq\web-4.0\src\main\webapp\admin\tools\scanResultPlus.js","ScanResultPlus","this.loadNetworkSecurityAppendixF(data,scenario)"
"..\..\riskq\web-4.0\src\main\webapp\admin\tools\scanResultPlus.js","ScanResultPlus","this.loadWebAppAppendixL(data,scenario)"
"..\..\riskq\web-4.0\src\main\webapp\admin\tools\scanResultPlus.js","ScanResultPlus","this.loadWebAppAppendixM(data,scenario)"
"..\..\riskq\web-4.0\src\main\webapp\admin\tools\scanResultPlus.js","ScanResultPlus","this.loadWebAppAppendixN(data,scenario)"
"..\..\riskq\web-4.0\src\main\webapp\admin\tools\scanResultPlus.js","ScanResultPlus","this.loadWebAppAppendixO(data,scenario)"
"..\..\riskq\web-4.0\src\main\webapp\admin\tools\scanResultPlus.js","ScanResultPlus","this.networkSecuritySummary(data)"
"..\..\riskq\web-4.0\src\main\webapp\admin\tools\scanResultPlus.js","ScanResultPlus","this.onAppendixB1TableData(json)"
"..\..\riskq\web-4.0\src\main\webapp\admin\tools\scanResultPlus.js","ScanResultPlus","this.onAppendixB2TableData(json)"
"..\..\riskq\web-4.0\src\main\webapp\admin\tools\scanResultPlus.js","ScanResultPlus","this.onAppendixCTableData(json)"
"..\..\riskq\web-4.0\src\main\webapp\admin\tools\scanResultPlus.js","ScanResultPlus","this.onAppendixDTableData(json)"
"..\..\riskq\web-4.0\src\main\webapp\admin\tools\scanResultPlus.js","ScanResultPlus","this.onAppendixETableData(json)"
"..\..\riskq\web-4.0\src\main\webapp\admin\tools\scanResultPlus.js","ScanResultPlus","this.onAppendixFTableData(json)"
"..\..\riskq\web-4.0\src\main\webapp\admin\tools\scanResultPlus.js","ScanResultPlus","this.onAppendixGTableData(json)"
"..\..\riskq\web-4.0\src\main\webapp\admin\tools\scanResultPlus.js","ScanResultPlus","this.onAppendixHTableData(json)"
"..\..\riskq\web-4.0\src\main\webapp\admin\tools\scanResultPlus.js","ScanResultPlus","this.onAppendixITableData(json)"
"..\..\riskq\web-4.0\src\main\webapp\admin\tools\scanResultPlus.js","ScanResultPlus","this.onAppendixJTableData(json)"
"..\..\riskq\web-4.0\src\main\webapp\admin\tools\scanResultPlus.js","ScanResultPlus","this.onAppendixKTableData(json)"
"..\..\riskq\web-4.0\src\main\webapp\admin\tools\scanResultPlus.js","ScanResultPlus","this.onAppendixLTableData(json)"
"..\..\riskq\web-4.0\src\main\webapp\admin\tools\scanResultPlus.js","ScanResultPlus","this.onAppendixMTableData(json)"
"..\..\riskq\web-4.0\src\main\webapp\admin\tools\scanResultPlus.js","ScanResultPlus","this.onAppendixNTableData(json)"
"..\..\riskq\web-4.0\src\main\webapp\admin\tools\scanResultPlus.js","ScanResultPlus","this.onAppendixOTableData(json)"
"..\..\riskq\web-4.0\src\main\webapp\admin\tools\scanResultPlus.js","ScanResultPlus","this.onClick(event)"
"..\..\riskq\web-4.0\src\main\webapp\admin\tools\scanResultPlus.js","ScanResultPlus","this.onCubitScoreDetailClick()"
"..\..\riskq\web-4.0\src\main\webapp\admin\tools\scanResultPlus.js","ScanResultPlus","this.onCubitScoreTabClick()"
"..\..\riskq\web-4.0\src\main\webapp\admin\tools\scanResultPlus.js","ScanResultPlus","this.onData(data,method,scenario)"
"..\..\riskq\web-4.0\src\main\webapp\admin\tools\scanResultPlus.js","ScanResultPlus","this.onIpReputationDetailClick()"
"..\..\riskq\web-4.0\src\main\webapp\admin\tools\scanResultPlus.js","ScanResultPlus","this.onIpReputationTabClick()"
"..\..\riskq\web-4.0\src\main\webapp\admin\tools\scanResultPlus.js","ScanResultPlus","this.onLoad(data)"
"..\..\riskq\web-4.0\src\main\webapp\admin\tools\scanResultPlus.js","ScanResultPlus","this.onLoadCubitScoreAppendixH(data)"
"..\..\riskq\web-4.0\src\main\webapp\admin\tools\scanResultPlus.js","ScanResultPlus","this.onLoadCubitScoreAppendixI(data)"
"..\..\riskq\web-4.0\src\main\webapp\admin\tools\scanResultPlus.js","ScanResultPlus","this.onLoadCubitScoreAppendixJ(data)"
"..\..\riskq\web-4.0\src\main\webapp\admin\tools\scanResultPlus.js","ScanResultPlus","this.onLoadCubitScoreAppendixK(data)"
"..\..\riskq\web-4.0\src\main\webapp\admin\tools\scanResultPlus.js","ScanResultPlus","this.onLoadIpReputationAppendixG(data)"
"..\..\riskq\web-4.0\src\main\webapp\admin\tools\scanResultPlus.js","ScanResultPlus","this.onLoadNetworkSecurityAppendixB1(data)"
"..\..\riskq\web-4.0\src\main\webapp\admin\tools\scanResultPlus.js","ScanResultPlus","this.onLoadNetworkSecurityAppendixB2(data)"
"..\..\riskq\web-4.0\src\main\webapp\admin\tools\scanResultPlus.js","ScanResultPlus","this.onLoadNetworkSecurityAppendixC(data)"
"..\..\riskq\web-4.0\src\main\webapp\admin\tools\scanResultPlus.js","ScanResultPlus","this.onLoadNetworkSecurityAppendixD(data)"
"..\..\riskq\web-4.0\src\main\webapp\admin\tools\scanResultPlus.js","ScanResultPlus","this.onLoadNetworkSecurityAppendixE(data)"
"..\..\riskq\web-4.0\src\main\webapp\admin\tools\scanResultPlus.js","ScanResultPlus","this.onLoadNetworkSecurityAppendixF(data)"
"..\..\riskq\web-4.0\src\main\webapp\admin\tools\scanResultPlus.js","ScanResultPlus","this.onLoadWebAppAppendixL(data)"
"..\..\riskq\web-4.0\src\main\webapp\admin\tools\scanResultPlus.js","ScanResultPlus","this.onLoadWebAppAppendixM(data)"
"..\..\riskq\web-4.0\src\main\webapp\admin\tools\scanResultPlus.js","ScanResultPlus","this.onLoadWebAppAppendixN(data)"
"..\..\riskq\web-4.0\src\main\webapp\admin\tools\scanResultPlus.js","ScanResultPlus","this.onLoadWebAppAppendixO(data)"
"..\..\riskq\web-4.0\src\main\webapp\admin\tools\scanResultPlus.js","ScanResultPlus","this.onNetworkSecurityDetailClick()"
"..\..\riskq\web-4.0\src\main\webapp\admin\tools\scanResultPlus.js","ScanResultPlus","this.onNetworkSecurityTabClick()"
"..\..\riskq\web-4.0\src\main\webapp\admin\tools\scanResultPlus.js","ScanResultPlus","this.onWebAppDetailClick()"
"..\..\riskq\web-4.0\src\main\webapp\admin\tools\scanResultPlus.js","ScanResultPlus","this.onWebAppTabClick()"
"..\..\riskq\web-4.0\src\main\webapp\admin\tools\scanResultPlus.js","ScanResultPlus","this.radarChartData(radarData)"
"..\..\riskq\web-4.0\src\main\webapp\admin\tools\scanResultPlus.js","ScanResultPlus","this.radarChartOptions()"
"..\..\riskq\web-4.0\src\main\webapp\admin\tools\scanResultPlus.js","ScanResultPlus","this.riskQuotientSummary(data)"
"..\..\riskq\web-4.0\src\main\webapp\admin\tools\scanResultPlus.js","ScanResultPlus","this.scatterChartData(scatterData)"
"..\..\riskq\web-4.0\src\main\webapp\admin\tools\scanResultPlus.js","ScanResultPlus","this.scatterChartOptions(axesLables)"
"..\..\riskq\web-4.0\src\main\webapp\admin\tools\scanResultPlus.js","ScanResultPlus","this.setCveLink(cve)"
"..\..\riskq\web-4.0\src\main\webapp\admin\tools\scanResultPlus.js","ScanResultPlus","this.setPortLink(port)"
"..\..\riskq\web-4.0\src\main\webapp\admin\tools\scanResultPlus.js","ScanResultPlus","this.tableData(data,id)"
"..\..\riskq\web-4.0\src\main\webapp\admin\tools\scanResultPlus.js","ScanResultPlus","this.tableOptions(tableData,id)"
"..\..\riskq\web-4.0\src\main\webapp\admin\tools\scanResultPlus.js","ScanResultPlus","this.webApplicationsSummary(data)"
"..\..\riskq\web-4.0\src\main\webapp\admin\tools\tools.js","Tools","this.load(data,scenario)"
"..\..\riskq\web-4.0\src\main\webapp\admin\tools\tools.js","Tools","this.onClick(event)"
"..\..\riskq\web-4.0\src\main\webapp\admin\tools\tools.js","Tools","this.onData(data,method,scenario)"
"..\..\riskq\web-4.0\src\main\webapp\admin\tools\tools.js","Tools","this.onLoad(data)"
"..\..\riskq\web-4.0\src\main\webapp\admin\webappTable.js","WebappTable","this.fetch()"
"..\..\riskq\web-4.0\src\main\webapp\admin\webappTable.js","WebappTable","this.filteredDomains()"
"..\..\riskq\web-4.0\src\main\webapp\admin\webappTable.js","WebappTable","this.filteredTags()"
"..\..\riskq\web-4.0\src\main\webapp\admin\webappTable.js","WebappTable","this.load(data,scenario)"
"..\..\riskq\web-4.0\src\main\webapp\admin\webappTable.js","WebappTable","this.onClick(event)"
"..\..\riskq\web-4.0\src\main\webapp\admin\webappTable.js","WebappTable","this.onData(data,method,scenario)"
"..\..\riskq\web-4.0\src\main\webapp\admin\webappTable.js","WebappTable","this.onLoad(data)"
"..\..\riskq\web-4.0\src\main\webapp\admin\webappTable.js","WebappTable","this.onTableData(json)"
"..\..\riskq\web-4.0\src\main\webapp\admin\webappTable.js","WebappTable","this.onTableRow(cellData)"
"..\..\riskq\web-4.0\src\main\webapp\admin\whoisInfoTable.js","WhoisInfoTable","this.filteredDomains()"
"..\..\riskq\web-4.0\src\main\webapp\admin\whoisInfoTable.js","WhoisInfoTable","this.filteredTags()"
"..\..\riskq\web-4.0\src\main\webapp\admin\whoisInfoTable.js","WhoisInfoTable","this.fetch()"
"..\..\riskq\web-4.0\src\main\webapp\admin\whoisInfoTable.js","WhoisInfoTable","this.load(data,scenario)"
"..\..\riskq\web-4.0\src\main\webapp\admin\whoisInfoTable.js","WhoisInfoTable","this.onClick(event)"
"..\..\riskq\web-4.0\src\main\webapp\admin\whoisInfoTable.js","WhoisInfoTable","this.onData(data,method,scenario)"
"..\..\riskq\web-4.0\src\main\webapp\admin\whoisInfoTable.js","WhoisInfoTable","this.onLoad(data)"
"..\..\riskq\web-4.0\src\main\webapp\admin\whoisInfoTable.js","WhoisInfoTable","this.onTableData(json)"
"..\..\riskq\web-4.0\src\main\webapp\animation.js","Animation","this.timer"
"..\..\riskq\web-4.0\src\main\webapp\animation.js","Animation","this.start()"
"..\..\riskq\web-4.0\src\main\webapp\animation.js","Animation","this.step()"
"..\..\riskq\web-4.0\src\main\webapp\animation.js","Animation","this.stop()"
"..\..\riskq\web-4.0\src\main\webapp\countDownTimer.js","CountDownTimer","this.settings"
"..\..\riskq\web-4.0\src\main\webapp\countDownTimer.js","CountDownTimer","this.timer"
"..\..\riskq\web-4.0\src\main\webapp\countDownTimer.js","CountDownTimer","var count"
"..\..\riskq\web-4.0\src\main\webapp\countDownTimer.js","CountDownTimer","this.start()"
"..\..\riskq\web-4.0\src\main\webapp\countDownTimer.js","CountDownTimer","this.step()"
"..\..\riskq\web-4.0\src\main\webapp\countDownTimer.js","CountDownTimer","this.stop()"
"..\..\riskq\web-4.0\src\main\webapp\partner\cubit-score\cubitScore.js","CubitScore","this.animation"
"..\..\riskq\web-4.0\src\main\webapp\partner\cubit-score\cubitScore.js","CubitScore","this.chart"
"..\..\riskq\web-4.0\src\main\webapp\partner\cubit-score\cubitScore.js","CubitScore","this.chartData"
"..\..\riskq\web-4.0\src\main\webapp\partner\cubit-score\cubitScore.js","CubitScore","this.chartOptions"
"..\..\riskq\web-4.0\src\main\webapp\partner\cubit-score\cubitScore.js","CubitScore","this.barChartData(barData)"
"..\..\riskq\web-4.0\src\main\webapp\partner\cubit-score\cubitScore.js","CubitScore","this.barChartOptions()"
"..\..\riskq\web-4.0\src\main\webapp\partner\cubit-score\cubitScore.js","CubitScore","this.load(data,scenario)"
"..\..\riskq\web-4.0\src\main\webapp\partner\cubit-score\cubitScore.js","CubitScore","this.onClick(event,data)"
"..\..\riskq\web-4.0\src\main\webapp\partner\cubit-score\cubitScore.js","CubitScore","this.onData(data,method,scenario)"
"..\..\riskq\web-4.0\src\main\webapp\partner\cubit-score\cubitScore.js","CubitScore","this.onLoad(data)"
"..\..\riskq\web-4.0\src\main\webapp\partner\cubit-score\cubitScore.js","CubitScore","this.fetchCardData(data,dataTag)"
"..\..\riskq\web-4.0\src\main\webapp\partner\cubit-score\cubitScore.js","CubitScore","this.tableData(data,id)"
"..\..\riskq\web-4.0\src\main\webapp\partner\cubit-score\cubitScore.js","CubitScore","this.tableOptions(tableData,id)"
"..\..\riskq\web-4.0\src\main\webapp\partner\cubit-score\cubitScore.js","CubitScore","this.appendTableColumns(tableHeader,id)"
"..\..\riskq\web-4.0\src\main\webapp\partner\cubit-score\exploits.js","Exploits","this.animation"
"..\..\riskq\web-4.0\src\main\webapp\partner\cubit-score\exploits.js","Exploits","this.load(data,scenario)"
"..\..\riskq\web-4.0\src\main\webapp\partner\cubit-score\exploits.js","Exploits","this.onClick(event)"
"..\..\riskq\web-4.0\src\main\webapp\partner\cubit-score\exploits.js","Exploits","this.onData(data,method,scenario)"
"..\..\riskq\web-4.0\src\main\webapp\partner\cubit-score\exploits.js","Exploits","this.onLoad(data)"
"..\..\riskq\web-4.0\src\main\webapp\partner\cubit-score\exploits.js","Exploits","this.fetchCardData(data,dataTag)"
"..\..\riskq\web-4.0\src\main\webapp\partner\cubit-score\exploits.js","Exploits","this.tableData(data,id)"
"..\..\riskq\web-4.0\src\main\webapp\partner\cubit-score\exploits.js","Exploits","this.tableOptions(tableData,id)"
"..\..\riskq\web-4.0\src\main\webapp\partner\cubit-score\heartbleed.js","Heartbleed","this.animation"
"..\..\riskq\web-4.0\src\main\webapp\partner\cubit-score\heartbleed.js","Heartbleed","this.load(data,scenario)"
"..\..\riskq\web-4.0\src\main\webapp\partner\cubit-score\heartbleed.js","Heartbleed","this.onClick(event)"
"..\..\riskq\web-4.0\src\main\webapp\partner\cubit-score\heartbleed.js","Heartbleed","this.onData(data,method,scenario)"
"..\..\riskq\web-4.0\src\main\webapp\partner\cubit-score\heartbleed.js","Heartbleed","this.onLoad(data)"
"..\..\riskq\web-4.0\src\main\webapp\partner\cubit-score\heartbleed.js","Heartbleed","this.fetchCardData(data,dataTag)"
"..\..\riskq\web-4.0\src\main\webapp\partner\cubit-score\heartbleed.js","Heartbleed","this.tableData(data,id)"
"..\..\riskq\web-4.0\src\main\webapp\partner\cubit-score\heartbleed.js","Heartbleed","this.tableOptions(tableData,id)"
"..\..\riskq\web-4.0\src\main\webapp\partner\cubit-score\vulnerabilities.js","Vulnerabilities","this.animation"
"..\..\riskq\web-4.0\src\main\webapp\partner\cubit-score\vulnerabilities.js","Vulnerabilities","this.load(data,scenario)"
"..\..\riskq\web-4.0\src\main\webapp\partner\cubit-score\vulnerabilities.js","Vulnerabilities","this.onClick(event)"
"..\..\riskq\web-4.0\src\main\webapp\partner\cubit-score\vulnerabilities.js","Vulnerabilities","this.onData(data,method,scenario)"
"..\..\riskq\web-4.0\src\main\webapp\partner\cubit-score\vulnerabilities.js","Vulnerabilities","this.onLoad(data)"
"..\..\riskq\web-4.0\src\main\webapp\partner\cubit-score\vulnerabilities.js","Vulnerabilities","this.fetchCardData(data,dataTag)"
"..\..\riskq\web-4.0\src\main\webapp\partner\cubit-score\vulnerabilities.js","Vulnerabilities","this.tableData(data,id)"
"..\..\riskq\web-4.0\src\main\webapp\partner\cubit-score\vulnerabilities.js","Vulnerabilities","this.tableOptions(tableData,id)"
"..\..\riskq\web-4.0\src\main\webapp\partner\cubit-score\whoisInfo.js","WhoisInfo","this.animation"
"..\..\riskq\web-4.0\src\main\webapp\partner\cubit-score\whoisInfo.js","WhoisInfo","this.load(data,scenario)"
"..\..\riskq\web-4.0\src\main\webapp\partner\cubit-score\whoisInfo.js","WhoisInfo","this.onClick(event)"
"..\..\riskq\web-4.0\src\main\webapp\partner\cubit-score\whoisInfo.js","WhoisInfo","this.onData(data,method,scenario)"
"..\..\riskq\web-4.0\src\main\webapp\partner\cubit-score\whoisInfo.js","WhoisInfo","this.onLoad(data)"
"..\..\riskq\web-4.0\src\main\webapp\partner\cubit-score\whoisInfo.js","WhoisInfo","this.fetchCardData(data,dataTag)"
"..\..\riskq\web-4.0\src\main\webapp\partner\cubit-score\whoisInfo.js","WhoisInfo","this.tableData(data,id)"
"..\..\riskq\web-4.0\src\main\webapp\partner\cubit-score\whoisInfo.js","WhoisInfo","this.tableOptions(tableData,id)"
"..\..\riskq\web-4.0\src\main\webapp\partner\dns\dns.js","Dns","this.animation"
"..\..\riskq\web-4.0\src\main\webapp\partner\dns\dns.js","Dns","this.chart"
"..\..\riskq\web-4.0\src\main\webapp\partner\dns\dns.js","Dns","this.chartData"
"..\..\riskq\web-4.0\src\main\webapp\partner\dns\dns.js","Dns","this.chartOptions"
"..\..\riskq\web-4.0\src\main\webapp\partner\dns\dns.js","Dns","this.barChartData(barData)"
"..\..\riskq\web-4.0\src\main\webapp\partner\dns\dns.js","Dns","this.barChartOptions()"
"..\..\riskq\web-4.0\src\main\webapp\partner\dns\dns.js","Dns","this.load(data,scenario)"
"..\..\riskq\web-4.0\src\main\webapp\partner\dns\dns.js","Dns","this.onData(data,method,scenario)"
"..\..\riskq\web-4.0\src\main\webapp\partner\dns\dns.js","Dns","this.onLoad(data)"
"..\..\riskq\web-4.0\src\main\webapp\partner\dns\dns.js","Dns","this.tableData(data,id)"
"..\..\riskq\web-4.0\src\main\webapp\partner\dns\dns.js","Dns","this.tableOptions(tableData,id)"
"..\..\riskq\web-4.0\src\main\webapp\partner\dns\dns.js","Dns","this.appendTableColumns(tableHeader,id)"
"..\..\riskq\web-4.0\src\main\webapp\partner\home.js","Home","this.chart"
"..\..\riskq\web-4.0\src\main\webapp\partner\home.js","Home","this.chartData"
"..\..\riskq\web-4.0\src\main\webapp\partner\home.js","Home","this.chartOptions"
"..\..\riskq\web-4.0\src\main\webapp\partner\home.js","Home","this.onGaugeChart(id,data)"
"..\..\riskq\web-4.0\src\main\webapp\partner\home.js","Home","this.load(data,scenario)"
"..\..\riskq\web-4.0\src\main\webapp\partner\home.js","Home","this.onClick(event,data)"
"..\..\riskq\web-4.0\src\main\webapp\partner\home.js","Home","this.onData(data,method,scenario)"
"..\..\riskq\web-4.0\src\main\webapp\partner\home.js","Home","this.onLoad(data)"
"..\..\riskq\web-4.0\src\main\webapp\partner\ip-reputation\blackListedIpCount.js","BlackListedIpCount","this.animation"
"..\..\riskq\web-4.0\src\main\webapp\partner\ip-reputation\blackListedIpCount.js","BlackListedIpCount","this.load(data,scenario)"
"..\..\riskq\web-4.0\src\main\webapp\partner\ip-reputation\blackListedIpCount.js","BlackListedIpCount","this.onClick(event)"
"..\..\riskq\web-4.0\src\main\webapp\partner\ip-reputation\blackListedIpCount.js","BlackListedIpCount","this.onData(data,method,scenario)"
"..\..\riskq\web-4.0\src\main\webapp\partner\ip-reputation\blackListedIpCount.js","BlackListedIpCount","this.onLoad(data)"
"..\..\riskq\web-4.0\src\main\webapp\partner\ip-reputation\blackListedIpCount.js","BlackListedIpCount","this.tableData(data,id)"
"..\..\riskq\web-4.0\src\main\webapp\partner\ip-reputation\blackListedIpCount.js","BlackListedIpCount","this.tableOptions(tableData,id)"
"..\..\riskq\web-4.0\src\main\webapp\partner\ip-reputation\ipReputation.js","IpReputation","this.animation"
"..\..\riskq\web-4.0\src\main\webapp\partner\ip-reputation\ipReputation.js","IpReputation","this.chart"
"..\..\riskq\web-4.0\src\main\webapp\partner\ip-reputation\ipReputation.js","IpReputation","this.chartData"
"..\..\riskq\web-4.0\src\main\webapp\partner\ip-reputation\ipReputation.js","IpReputation","this.chartOptions"
"..\..\riskq\web-4.0\src\main\webapp\partner\ip-reputation\ipReputation.js","IpReputation","this.barChartData(barData)"
"..\..\riskq\web-4.0\src\main\webapp\partner\ip-reputation\ipReputation.js","IpReputation","this.barChartOptions()"
"..\..\riskq\web-4.0\src\main\webapp\partner\ip-reputation\ipReputation.js","IpReputation","this.load(data,scenario)"
"..\..\riskq\web-4.0\src\main\webapp\partner\ip-reputation\ipReputation.js","IpReputation","this.onClick(event,data)"
"..\..\riskq\web-4.0\src\main\webapp\partner\ip-reputation\ipReputation.js","IpReputation","this.onData(data,method,scenario)"
"..\..\riskq\web-4.0\src\main\webapp\partner\ip-reputation\ipReputation.js","IpReputation","this.onLoad(data)"
"..\..\riskq\web-4.0\src\main\webapp\partner\ip-reputation\ipReputation.js","IpReputation","this.tableData(data,id)"
"..\..\riskq\web-4.0\src\main\webapp\partner\ip-reputation\ipReputation.js","IpReputation","this.tableOptions(tableData,id)"
"..\..\riskq\web-4.0\src\main\webapp\partner\ip-reputation\ipReputation.js","IpReputation","this.appendTableColumns(tableHeader,id)"
"..\..\riskq\web-4.0\src\main\webapp\partner\network-security\certificateAuthority.js","CertificateAuthority","this.animation"
"..\..\riskq\web-4.0\src\main\webapp\partner\network-security\certificateAuthority.js","CertificateAuthority","this.load(data,scenario)"
"..\..\riskq\web-4.0\src\main\webapp\partner\network-security\certificateAuthority.js","CertificateAuthority","this.onClick(event)"
"..\..\riskq\web-4.0\src\main\webapp\partner\network-security\certificateAuthority.js","CertificateAuthority","this.onData(data,method,scenario)"
"..\..\riskq\web-4.0\src\main\webapp\partner\network-security\certificateAuthority.js","CertificateAuthority","this.onLoad(data)"
"..\..\riskq\web-4.0\src\main\webapp\partner\network-security\certificateAuthority.js","CertificateAuthority","this.tableData(data,id)"
"..\..\riskq\web-4.0\src\main\webapp\partner\network-security\certificateAuthority.js","CertificateAuthority","this.tableOptions(tableData,id)"
"..\..\riskq\web-4.0\src\main\webapp\partner\network-security\networkSecurity.js","NetworkSecurity","this.animation"
"..\..\riskq\web-4.0\src\main\webapp\partner\network-security\networkSecurity.js","NetworkSecurity","this.chart"
"..\..\riskq\web-4.0\src\main\webapp\partner\network-security\networkSecurity.js","NetworkSecurity","this.chartData"
"..\..\riskq\web-4.0\src\main\webapp\partner\network-security\networkSecurity.js","NetworkSecurity","this.chartOptions"
"..\..\riskq\web-4.0\src\main\webapp\partner\network-security\networkSecurity.js","NetworkSecurity","this.barChartData(barData)"
"..\..\riskq\web-4.0\src\main\webapp\partner\network-security\networkSecurity.js","NetworkSecurity","this.barChartOptions()"
"..\..\riskq\web-4.0\src\main\webapp\partner\network-security\networkSecurity.js","NetworkSecurity","this.load(data,scenario)"
"..\..\riskq\web-4.0\src\main\webapp\partner\network-security\networkSecurity.js","NetworkSecurity","this.onClick(event,data)"
"..\..\riskq\web-4.0\src\main\webapp\partner\network-security\networkSecurity.js","NetworkSecurity","this.onData(data,method,scenario)"
"..\..\riskq\web-4.0\src\main\webapp\partner\network-security\networkSecurity.js","NetworkSecurity","this.onLoad(data)"
"..\..\riskq\web-4.0\src\main\webapp\partner\network-security\networkSecurity.js","NetworkSecurity","this.tableData(data,id)"
"..\..\riskq\web-4.0\src\main\webapp\partner\network-security\networkSecurity.js","NetworkSecurity","this.tableOptions(tableData,id)"
"..\..\riskq\web-4.0\src\main\webapp\partner\network-security\networkSecurity.js","NetworkSecurity","this.appendTableColumns(tableHeader,id)"
"..\..\riskq\web-4.0\src\main\webapp\partner\network-security\sslExpiration.js","SslExpiration","this.animation"
"..\..\riskq\web-4.0\src\main\webapp\partner\network-security\sslExpiration.js","SslExpiration","this.load(data,scenario)"
"..\..\riskq\web-4.0\src\main\webapp\partner\network-security\sslExpiration.js","SslExpiration","this.onClick(event)"
"..\..\riskq\web-4.0\src\main\webapp\partner\network-security\sslExpiration.js","SslExpiration","this.onData(data,method,scenario)"
"..\..\riskq\web-4.0\src\main\webapp\partner\network-security\sslExpiration.js","SslExpiration","this.onLoad(data)"
"..\..\riskq\web-4.0\src\main\webapp\partner\network-security\sslExpiration.js","SslExpiration","this.tableData(data,id)"
"..\..\riskq\web-4.0\src\main\webapp\partner\network-security\sslExpiration.js","SslExpiration","this.tableOptions(tableData,id)"
"..\..\riskq\web-4.0\src\main\webapp\partner\network-security\sslKeySize.js","SslKeySize","this.animation"
"..\..\riskq\web-4.0\src\main\webapp\partner\network-security\sslKeySize.js","SslKeySize","this.load(data,scenario)"
"..\..\riskq\web-4.0\src\main\webapp\partner\network-security\sslKeySize.js","SslKeySize","this.onClick(event)"
"..\..\riskq\web-4.0\src\main\webapp\partner\network-security\sslKeySize.js","SslKeySize","this.onData(data,method,scenario)"
"..\..\riskq\web-4.0\src\main\webapp\partner\network-security\sslKeySize.js","SslKeySize","this.onLoad(data)"
"..\..\riskq\web-4.0\src\main\webapp\partner\network-security\sslKeySize.js","SslKeySize","this.tableData(data,id)"
"..\..\riskq\web-4.0\src\main\webapp\partner\network-security\sslKeySize.js","SslKeySize","this.tableOptions(tableData,id)"
"..\..\riskq\web-4.0\src\main\webapp\partner\network-security\sslVersion.js","SslVersion","this.animation"
"..\..\riskq\web-4.0\src\main\webapp\partner\network-security\sslVersion.js","SslVersion","this.load(data,scenario)"
"..\..\riskq\web-4.0\src\main\webapp\partner\network-security\sslVersion.js","SslVersion","this.onClick(event)"
"..\..\riskq\web-4.0\src\main\webapp\partner\network-security\sslVersion.js","SslVersion","this.onData(data,method,scenario)"
"..\..\riskq\web-4.0\src\main\webapp\partner\network-security\sslVersion.js","SslVersion","this.onLoad(data)"
"..\..\riskq\web-4.0\src\main\webapp\partner\network-security\sslVersion.js","SslVersion","this.tableData(data,id)"
"..\..\riskq\web-4.0\src\main\webapp\partner\network-security\sslVersion.js","SslVersion","this.tableOptions(tableData,id)"
"..\..\riskq\web-4.0\src\main\webapp\partner\network-security\unsafeServices.js","UnsafeServices","this.animation"
"..\..\riskq\web-4.0\src\main\webapp\partner\network-security\unsafeServices.js","UnsafeServices","this.load(data,scenario)"
"..\..\riskq\web-4.0\src\main\webapp\partner\network-security\unsafeServices.js","UnsafeServices","this.onClick(event)"
"..\..\riskq\web-4.0\src\main\webapp\partner\network-security\unsafeServices.js","UnsafeServices","this.onData(data,method,scenario)"
"..\..\riskq\web-4.0\src\main\webapp\partner\network-security\unsafeServices.js","UnsafeServices","this.onLoad(data)"
"..\..\riskq\web-4.0\src\main\webapp\partner\network-security\unsafeServices.js","UnsafeServices","this.tableData(data,id)"
"..\..\riskq\web-4.0\src\main\webapp\partner\network-security\unsafeServices.js","UnsafeServices","this.tableOptions(tableData,id)"
"..\..\riskq\web-4.0\src\main\webapp\partner\partner.js","Partner","this.formPost(data,method,scenario)"
"..\..\riskq\web-4.0\src\main\webapp\partner\partner.js","Partner","this.trimData(data)"
"..\..\riskq\web-4.0\src\main\webapp\partner\partner.js","Partner","this.jsonPost(data,method,scenario)"
"..\..\riskq\web-4.0\src\main\webapp\partner\partner.js","Partner","this.cursor(style)"
"..\..\riskq\web-4.0\src\main\webapp\partner\partner.js","Partner","this.error(xhr,txt,err,scenario)"
"..\..\riskq\web-4.0\src\main\webapp\partner\partner.js","Partner","this.load(data,scenario)"
"..\..\riskq\web-4.0\src\main\webapp\partner\partner.js","Partner","this.onData(data,method,scenario)"
"..\..\riskq\web-4.0\src\main\webapp\partner\partner.js","Partner","this.onError(msg,url,line,col,error)"
"..\..\riskq\web-4.0\src\main\webapp\partner\partner.js","Partner","this.onToolBarActive(element)"
"..\..\riskq\web-4.0\src\main\webapp\partner\partner.js","Partner","this.onToolbarLoad()"
"..\..\riskq\web-4.0\src\main\webapp\partner\partner.js","Partner","this.onToolbarClick(event)"
"..\..\riskq\web-4.0\src\main\webapp\partner\partner.js","Partner","this.signOut(data,scenario)"
"..\..\riskq\web-4.0\src\main\webapp\partner\partner.js","Partner","this.selectMeSettings(filterName,columnCount)"
"..\..\riskq\web-4.0\src\main\webapp\partner\partner.js","Partner","this.tableOptions(mode)"
"..\..\riskq\web-4.0\src\main\webapp\partner\partner.js","Partner","this.newBreadCrumb(element)"
"..\..\riskq\web-4.0\src\main\webapp\partner\partner.js","Partner","this.setBreadCrumbs(pageNameArray)"
"..\..\riskq\web-4.0\src\main\webapp\partner\partner.js","Partner","this.onClick(event)"
"..\..\riskq\web-4.0\src\main\webapp\partner\profile.js","Profile","this.animation"
"..\..\riskq\web-4.0\src\main\webapp\partner\profile.js","Profile","this.countDownTimer"
"..\..\riskq\web-4.0\src\main\webapp\partner\profile.js","Profile","this.form(form,response,scenario)"
"..\..\riskq\web-4.0\src\main\webapp\partner\profile.js","Profile","this.formPost(data,method,scenario)"
"..\..\riskq\web-4.0\src\main\webapp\partner\profile.js","Profile","this.ipListForm(form,response,scenario)"
"..\..\riskq\web-4.0\src\main\webapp\partner\profile.js","Profile","this.load(data,scenario)"
"..\..\riskq\web-4.0\src\main\webapp\partner\profile.js","Profile","this.onClick(event)"
"..\..\riskq\web-4.0\src\main\webapp\partner\profile.js","Profile","this.onData(data,method,scenario)"
"..\..\riskq\web-4.0\src\main\webapp\partner\profile.js","Profile","this.onLoad(data)"
"..\..\riskq\web-4.0\src\main\webapp\partner\reports.js","Reports","this.animation"
"..\..\riskq\web-4.0\src\main\webapp\partner\reports.js","Reports","this.load(data,scenario)"
"..\..\riskq\web-4.0\src\main\webapp\partner\reports.js","Reports","this.onClick(event)"
"..\..\riskq\web-4.0\src\main\webapp\partner\reports.js","Reports","this.onData(data,method,scenario)"
"..\..\riskq\web-4.0\src\main\webapp\partner\reports.js","Reports","this.onLoad(data)"
"..\..\riskq\web-4.0\src\main\webapp\partner\reports.js","Reports","this.tableData(data,id)"
"..\..\riskq\web-4.0\src\main\webapp\partner\reports.js","Reports","this.tableOptions(tableData,id)"
"..\..\riskq\web-4.0\src\main\webapp\partner\scans\jobForScan.js","JobForScan","this.animation"
"..\..\riskq\web-4.0\src\main\webapp\partner\scans\jobForScan.js","JobForScan","this.countDownTimer"
"..\..\riskq\web-4.0\src\main\webapp\partner\scans\jobForScan.js","JobForScan","this.form(form,response,scenario)"
"..\..\riskq\web-4.0\src\main\webapp\partner\scans\jobForScan.js","JobForScan","this.load(data,scenario)"
"..\..\riskq\web-4.0\src\main\webapp\partner\scans\jobForScan.js","JobForScan","this.onClick(event)"
"..\..\riskq\web-4.0\src\main\webapp\partner\scans\jobForScan.js","JobForScan","this.onData(data,method,scenario)"
"..\..\riskq\web-4.0\src\main\webapp\partner\scans\jobForScan.js","JobForScan","this.onLoad(data)"
"..\..\riskq\web-4.0\src\main\webapp\partner\scans\resultOfScan.js","ResultOfScan","this.animation"
"..\..\riskq\web-4.0\src\main\webapp\partner\scans\resultOfScan.js","ResultOfScan","this.countDownTimer"
"..\..\riskq\web-4.0\src\main\webapp\partner\scans\resultOfScan.js","ResultOfScan","this.form(form,response,scenario)"
"..\..\riskq\web-4.0\src\main\webapp\partner\scans\resultOfScan.js","ResultOfScan","this.load(data,scenario)"
"..\..\riskq\web-4.0\src\main\webapp\partner\scans\resultOfScan.js","ResultOfScan","this.onClick(event)"
"..\..\riskq\web-4.0\src\main\webapp\partner\scans\resultOfScan.js","ResultOfScan","this.onData(data,method,scenario)"
"..\..\riskq\web-4.0\src\main\webapp\partner\scans\resultOfScan.js","ResultOfScan","this.onLoad(data)"
"..\..\riskq\web-4.0\src\main\webapp\partner\scans\scans.js","Scans","this.animation"
"..\..\riskq\web-4.0\src\main\webapp\partner\scans\scans.js","Scans","this.load(data,scenario)"
"..\..\riskq\web-4.0\src\main\webapp\partner\scans\scans.js","Scans","this.onClick(event)"
"..\..\riskq\web-4.0\src\main\webapp\partner\scans\scans.js","Scans","this.onData(data,method,scenario)"
"..\..\riskq\web-4.0\src\main\webapp\partner\scans\scans.js","Scans","this.onLoad(data)"
"..\..\riskq\web-4.0\src\main\webapp\partner\scans\statusOfScan.js","StatusOfScan","this.animation"
"..\..\riskq\web-4.0\src\main\webapp\partner\scans\statusOfScan.js","StatusOfScan","this.load(data,scenario)"
"..\..\riskq\web-4.0\src\main\webapp\partner\scans\statusOfScan.js","StatusOfScan","this.onClick(event)"
"..\..\riskq\web-4.0\src\main\webapp\partner\scans\statusOfScan.js","StatusOfScan","this.onData(data,method,scenario)"
"..\..\riskq\web-4.0\src\main\webapp\partner\scans\statusOfScan.js","StatusOfScan","this.onLoad(data)"
"..\..\riskq\web-4.0\src\main\webapp\partner\scans\statusOfScan.js","StatusOfScan","this.tableData(data,id)"
"..\..\riskq\web-4.0\src\main\webapp\partner\scans\statusOfScan.js","StatusOfScan","this.tableOptions(tableData,id)"
"..\..\riskq\web-4.0\src\main\webapp\partner\web-applications\httpCookies.js","HttpCookies","this.animation"
"..\..\riskq\web-4.0\src\main\webapp\partner\web-applications\httpCookies.js","HttpCookies","this.load(data,scenario)"
"..\..\riskq\web-4.0\src\main\webapp\partner\web-applications\httpCookies.js","HttpCookies","this.onClick(event)"
"..\..\riskq\web-4.0\src\main\webapp\partner\web-applications\httpCookies.js","HttpCookies","this.onData(data,method,scenario)"
"..\..\riskq\web-4.0\src\main\webapp\partner\web-applications\httpCookies.js","HttpCookies","this.onLoad(data)"
"..\..\riskq\web-4.0\src\main\webapp\partner\web-applications\httpCookies.js","HttpCookies","this.fetchCardData(data,dataTag)"
"..\..\riskq\web-4.0\src\main\webapp\partner\web-applications\httpCookies.js","HttpCookies","this.tableData(data,id)"
"..\..\riskq\web-4.0\src\main\webapp\partner\web-applications\httpCookies.js","HttpCookies","this.tableOptions(tableData,id)"
"..\..\riskq\web-4.0\src\main\webapp\partner\web-applications\noSniffContent.js","NoSniffContent","this.animation"
"..\..\riskq\web-4.0\src\main\webapp\partner\web-applications\noSniffContent.js","NoSniffContent","this.load(data,scenario)"
"..\..\riskq\web-4.0\src\main\webapp\partner\web-applications\noSniffContent.js","NoSniffContent","this.onClick(event)"
"..\..\riskq\web-4.0\src\main\webapp\partner\web-applications\noSniffContent.js","NoSniffContent","this.onData(data,method,scenario)"
"..\..\riskq\web-4.0\src\main\webapp\partner\web-applications\noSniffContent.js","NoSniffContent","this.onLoad(data)"
"..\..\riskq\web-4.0\src\main\webapp\partner\web-applications\noSniffContent.js","NoSniffContent","this.fetchCardData(data,dataTag)"
"..\..\riskq\web-4.0\src\main\webapp\partner\web-applications\noSniffContent.js","NoSniffContent","this.tableData(data,id)"
"..\..\riskq\web-4.0\src\main\webapp\partner\web-applications\noSniffContent.js","NoSniffContent","this.tableOptions(tableData,id)"
"..\..\riskq\web-4.0\src\main\webapp\partner\web-applications\webApplications.js","WebApplications","this.animation"
"..\..\riskq\web-4.0\src\main\webapp\partner\web-applications\webApplications.js","WebApplications","this.chart"
"..\..\riskq\web-4.0\src\main\webapp\partner\web-applications\webApplications.js","WebApplications","this.chartData"
"..\..\riskq\web-4.0\src\main\webapp\partner\web-applications\webApplications.js","WebApplications","this.chartOptions"
"..\..\riskq\web-4.0\src\main\webapp\partner\web-applications\webApplications.js","WebApplications","this.barChartData(barData)"
"..\..\riskq\web-4.0\src\main\webapp\partner\web-applications\webApplications.js","WebApplications","this.barChartOptions()"
"..\..\riskq\web-4.0\src\main\webapp\partner\web-applications\webApplications.js","WebApplications","this.load(data,scenario)"
"..\..\riskq\web-4.0\src\main\webapp\partner\web-applications\webApplications.js","WebApplications","this.onClick(event,data)"
"..\..\riskq\web-4.0\src\main\webapp\partner\web-applications\webApplications.js","WebApplications","this.onData(data,method,scenario)"
"..\..\riskq\web-4.0\src\main\webapp\partner\web-applications\webApplications.js","WebApplications","this.onLoad(data)"
"..\..\riskq\web-4.0\src\main\webapp\partner\web-applications\webApplications.js","WebApplications","this.fetchCardData(data,dataTag)"
"..\..\riskq\web-4.0\src\main\webapp\partner\web-applications\webApplications.js","WebApplications","this.tableData(data,id)"
"..\..\riskq\web-4.0\src\main\webapp\partner\web-applications\webApplications.js","WebApplications","this.tableOptions(tableData,id)"
"..\..\riskq\web-4.0\src\main\webapp\partner\web-applications\webApplications.js","WebApplications","this.appendTableColumns(tableHeader,id)"
"..\..\riskq\web-4.0\src\main\webapp\partner\web-applications\xFrameFlag.js","XFrameFlag","this.animation"
"..\..\riskq\web-4.0\src\main\webapp\partner\web-applications\xFrameFlag.js","XFrameFlag","this.load(data,scenario)"
"..\..\riskq\web-4.0\src\main\webapp\partner\web-applications\xFrameFlag.js","XFrameFlag","this.onClick(event)"
"..\..\riskq\web-4.0\src\main\webapp\partner\web-applications\xFrameFlag.js","XFrameFlag","this.onData(data,method,scenario)"
"..\..\riskq\web-4.0\src\main\webapp\partner\web-applications\xFrameFlag.js","XFrameFlag","this.onLoad(data)"
"..\..\riskq\web-4.0\src\main\webapp\partner\web-applications\xFrameFlag.js","XFrameFlag","this.fetchCardData(data,dataTag)"
"..\..\riskq\web-4.0\src\main\webapp\partner\web-applications\xFrameFlag.js","XFrameFlag","this.tableData(data,id)"
"..\..\riskq\web-4.0\src\main\webapp\partner\web-applications\xFrameFlag.js","XFrameFlag","this.tableOptions(tableData,id)"
"..\..\riskq\web-4.0\src\main\webapp\partner\web-applications\xssProtectionFlag.js","XssProtectionFlag","this.animation"
"..\..\riskq\web-4.0\src\main\webapp\partner\web-applications\xssProtectionFlag.js","XssProtectionFlag","this.load(data,scenario)"
"..\..\riskq\web-4.0\src\main\webapp\partner\web-applications\xssProtectionFlag.js","XssProtectionFlag","this.onClick(event)"
"..\..\riskq\web-4.0\src\main\webapp\partner\web-applications\xssProtectionFlag.js","XssProtectionFlag","this.onData(data,method,scenario)"
"..\..\riskq\web-4.0\src\main\webapp\partner\web-applications\xssProtectionFlag.js","XssProtectionFlag","this.onLoad(data)"
"..\..\riskq\web-4.0\src\main\webapp\partner\web-applications\xssProtectionFlag.js","XssProtectionFlag","this.fetchCardData(data,dataTag)"
"..\..\riskq\web-4.0\src\main\webapp\partner\web-applications\xssProtectionFlag.js","XssProtectionFlag","this.tableData(data,id)"
"..\..\riskq\web-4.0\src\main\webapp\partner\web-applications\xssProtectionFlag.js","XssProtectionFlag","this.tableOptions(tableData,id)"
"..\..\riskq\web-4.0\src\main\webapp\riskQ.js","RiskQ","var env"
"..\..\riskq\web-4.0\src\main\webapp\riskQ.js","RiskQ","this.formPost(data,method,scenario)"
"..\..\riskq\web-4.0\src\main\webapp\riskQ.js","RiskQ","this.trimData(data)"
"..\..\riskq\web-4.0\src\main\webapp\riskQ.js","RiskQ","this.cursor(scenario)"
"..\..\riskq\web-4.0\src\main\webapp\riskQ.js","RiskQ","this.error(xhr,txt,err,scenario)"
"..\..\riskq\web-4.0\src\main\webapp\riskQ.js","RiskQ","this.load(data,scenario)"
"..\..\riskq\web-4.0\src\main\webapp\riskQ.js","RiskQ","this.onError(msg,url,line,col,error)"
"..\..\riskq\web-4.0\src\main\webapp\riskQ.js","RiskQ","this.startAnimation()"
"..\..\riskq\web-4.0\src\main\webapp\riskQ.js","RiskQ","this.stepAnimation()"
"..\..\riskq\web-4.0\src\main\webapp\riskQ.js","RiskQ","this.stopAnimation()"
"..\..\riskq\web-4.0\src\main\webapp\riskQ.js","RiskQ","this.setBodyCursor(type)"
"..\..\riskq\web-4.0\src\main\webapp\signIn.js","SignIn","this.countDownTimer"
"..\..\riskq\web-4.0\src\main\webapp\signIn.js","SignIn","this.emailForm(form,response,scenario)"
"..\..\riskq\web-4.0\src\main\webapp\signIn.js","SignIn","this.load(data,scenario)"
"..\..\riskq\web-4.0\src\main\webapp\signIn.js","SignIn","this.onClick(event)"
"..\..\riskq\web-4.0\src\main\webapp\signIn.js","SignIn","this.onData(data,method,scenario)"
"..\..\riskq\web-4.0\src\main\webapp\signIn.js","SignIn","this.otpForm(form,response,scenario)"